--
-- SQLiteStudio v3.4.17 生成的文件，周四 10月 9 15:10:31 2025
--
-- 所用的文本编码：UTF-8
--
PRAGMA foreign_keys = off;
BEGIN TRANSACTION;

-- 表：authorizations
CREATE TABLE IF NOT EXISTS authorizations (id INTEGER, created_at DATETIME NOT NULL DEFAULT CURRENT_TIMESTAMP, removed_at DATETIME, user_id INTEGER NOT NULL, token TEXT NOT NULL, PRIMARY KEY (id));
INSERT INTO authorizations (id, created_at, removed_at, user_id, token) VALUES (1, '2025-10-06T22:50:52.237', '2025-10-06T22:55:02.074', 1, 'd9030b79b367cd165a36dc2e7299d96f496b2ecbee83c7acfd36cbc08eb2612e');
INSERT INTO authorizations (id, created_at, removed_at, user_id, token) VALUES (2, '2025-10-06T22:58:32.536', '2025-10-06T22:59:20.731', 1, 'c4201ae3346501d66415b99806b83ef6b6357483c1bf15d3ccf609431922c3f0');
INSERT INTO authorizations (id, created_at, removed_at, user_id, token) VALUES (4, '2025-10-06T23:40:14.707', '2025-10-06T23:40:16.952', 1, '1f4224ae7ace7b4bd461c1414fccbd06ac8ba444c327557bd80960ad8d0e4a1a');
INSERT INTO authorizations (id, created_at, removed_at, user_id, token) VALUES (6, '2025-10-06T23:49:13.287', '2025-10-06T23:49:14.892', 1, '6f08a5060581ea2a647fc2cc170fbb50555d7c5ae97fba4cbc6ab36a80ac0fbb');
INSERT INTO authorizations (id, created_at, removed_at, user_id, token) VALUES (7, '2025-10-06T23:50:02.580', '2025-10-06T23:50:45.104', 1, '0722a45b07525b679ffcfd51ebb08580eee1e9babe7c4666863e1c1b505c7410');
INSERT INTO authorizations (id, created_at, removed_at, user_id, token) VALUES (8, '2025-10-06T23:52:01.380', '2025-10-06T23:52:04.565', 1, 'd765a99f3bf748855d770e62dc30bd5ad5ca230789ee77dc227b921bfed80162');
INSERT INTO authorizations (id, created_at, removed_at, user_id, token) VALUES (9, '2025-10-06T23:52:52.217', '2025-10-06T23:53:37.142', 1, '7878eb7c2b96c36aa2d14ec0015b3fab3be4156e0c1b332513bd1d00dbaea6d0');
INSERT INTO authorizations (id, created_at, removed_at, user_id, token) VALUES (10, '2025-10-06T23:54:25.427', '2025-10-06T23:55:05.186', 1, 'e5363825a17b5f66887efc5d7da67d4045cf11bdc74f3a2c90feb8dd516517ce');
INSERT INTO authorizations (id, created_at, removed_at, user_id, token) VALUES (11, '2025-10-07T00:01:58.955', '2025-10-07T00:02:00.620', 1, '63d0317f28dea09ea1b34d9e5aa115871adbe6a4fdfa48b73ad5ed9db83f6239');
INSERT INTO authorizations (id, created_at, removed_at, user_id, token) VALUES (14, '2025-10-07T00:14:13.376', '2025-10-07T00:15:23.503', 1, 'dcbd919aeac52ada5a44991fdc1e8c980b297481410b5f297ddcaf7dc8b7b5ca');
INSERT INTO authorizations (id, created_at, removed_at, user_id, token) VALUES (16, '2025-10-07T00:22:43.994', '2025-10-07T00:23:08.032', 1, '2222a3ad260fa28d17c837fbdfdea2a13224c990b74c19e3a99b18e5dd643dda');
INSERT INTO authorizations (id, created_at, removed_at, user_id, token) VALUES (19, '2025-10-07T00:40:28.629', '2025-10-07T00:40:47.601', 1, '785a9f7353e5d176087a2fecc667ebbdebc3ea7cbe1001415569cb4c29f26225');
INSERT INTO authorizations (id, created_at, removed_at, user_id, token) VALUES (20, '2025-10-07T00:40:57.227', '2025-10-07T00:41:01.293', 1, '2d5f6d55c14fafeb449afca138767f07b5ddad1b4427397551efcc02bc649f9f');
INSERT INTO authorizations (id, created_at, removed_at, user_id, token) VALUES (22, '2025-10-07T00:53:12.112', '2025-10-07T00:53:58.921', 1, '0a495ac73a7ba9dac53ccda591d1367792e0e86ab89a7f367d3ae973c1790217');
INSERT INTO authorizations (id, created_at, removed_at, user_id, token) VALUES (23, '2025-10-07T02:21:27.221', '2025-10-07T02:25:23.117', 1, '0a26212b71671692f7454dae1b56def2a61b5a189d376a9b010bd4ad95980024');
INSERT INTO authorizations (id, created_at, removed_at, user_id, token) VALUES (24, '2025-10-07T11:24:51.886', '2025-10-07T11:25:07.337', 1, '2bd2fc548196b5f6aa1cc45c4b63b2761b28f0f02966cd89609818f5edf51ed5');
INSERT INTO authorizations (id, created_at, removed_at, user_id, token) VALUES (25, '2025-10-07T13:42:47.515', '2025-10-07T13:43:11.403', 1, '311573d7abc23014d16762bf3b42eb68882d8b3f362f88295a92134d4a99cd79');
INSERT INTO authorizations (id, created_at, removed_at, user_id, token) VALUES (26, '2025-10-07T18:06:02.199', '2025-10-07T18:07:13.088', 1, 'a113353e3818d4e01c0c063dc24f201e71211150d3cf1fc3a783cfd79deb408e');
INSERT INTO authorizations (id, created_at, removed_at, user_id, token) VALUES (30, '2025-10-07T22:09:08.577', '2025-10-07T22:13:46.320', 1, 'b2f246858aa2de6fb0dff20667e19563818fda7844b301a55b03e3d95f3a40d2');
INSERT INTO authorizations (id, created_at, removed_at, user_id, token) VALUES (31, '2025-10-07T22:26:56.791', '2025-10-07T22:27:29.929', 1, '6bf70db61b71b58f4b8e60c971013b89b7c668bfa70fdb7dfbad1d5ed460cb2d');
INSERT INTO authorizations (id, created_at, removed_at, user_id, token) VALUES (33, '2025-10-07T22:31:24.721', '2025-10-07T22:41:19.822', 2, '8fcfc484a661630e6f7fb2e138d964e423eb62ccc809bb970772fba5c6ce0ddf');
INSERT INTO authorizations (id, created_at, removed_at, user_id, token) VALUES (34, '2025-10-07T22:42:23.564', '2025-10-07T22:45:12.139', 2, 'd33008cc6048c4507f04743abb25b5cbfb2f99322c0a2439595d91bd7388da58');
INSERT INTO authorizations (id, created_at, removed_at, user_id, token) VALUES (35, '2025-10-07T23:47:44.385', '2025-10-07T23:48:40.979', 2, '95c165258259d97a3400ba488628486c0627c59438f6ad0bfdcbfc235f483371');
INSERT INTO authorizations (id, created_at, removed_at, user_id, token) VALUES (36, '2025-10-08T00:19:07.625', '2025-10-08T00:25:29.544', 2, '500f75a77f0f9b8a35c6e2605bbd4920f40c9f83e23e255c97a7b62922871071');
INSERT INTO authorizations (id, created_at, removed_at, user_id, token) VALUES (37, '2025-10-08T00:59:37.070', '2025-10-08T01:00:28.332', 2, '464191b28cd28f397e4adaff58d23ab79e8d26ce8b532b9ab8bfcdfe6dd38aa3');
INSERT INTO authorizations (id, created_at, removed_at, user_id, token) VALUES (38, '2025-10-08T02:30:48.980', '2025-10-08T02:31:55.784', 2, '2dcbfee1140ddbcfea70b6ef8f3557910e490266ae4902da74ec779beb080cff');
INSERT INTO authorizations (id, created_at, removed_at, user_id, token) VALUES (39, '2025-10-08T02:35:44.717', '2025-10-08T02:36:24.158', 2, '0b4c75d8938730f4ac6e365dcd5a6d02531775dcfcd56b6e9db5057bcf6217fa');
INSERT INTO authorizations (id, created_at, removed_at, user_id, token) VALUES (40, '2025-10-08T10:14:41.113', '2025-10-08T10:17:11.478', 2, '3296f608cb5cad2649099ffa5982f4ed4bd356a083ec44867340e372df150b91');
INSERT INTO authorizations (id, created_at, removed_at, user_id, token) VALUES (42, '2025-10-08T11:33:07.174', '2025-10-08T11:33:27.877', 2, '67821c0b3e73d26eee0f34479df193f5f7e248b316a5049edb4539bb2677d614');
INSERT INTO authorizations (id, created_at, removed_at, user_id, token) VALUES (43, '2025-10-08T11:34:50.375', '2025-10-08T11:41:36.803', 2, '5627d1371989bcedda0fab2cb5429d0dba25cbb5833c4591e1de9489119c3f36');
INSERT INTO authorizations (id, created_at, removed_at, user_id, token) VALUES (44, '2025-10-08T11:44:58.981', '2025-10-08T11:46:06.821', 2, '52274ee9aafeb4281543bdb9ee313152124a29a6d36211be3f8d63fb5f708cad');
INSERT INTO authorizations (id, created_at, removed_at, user_id, token) VALUES (45, '2025-10-08T12:55:46.094', '2025-10-08T12:55:58.959', 2, '9ad82509465d21b98cb137ccc2058eefd4fad5e58673d3c162af04763d9bd1da');
INSERT INTO authorizations (id, created_at, removed_at, user_id, token) VALUES (46, '2025-10-08T12:58:26.667', '2025-10-08T12:58:56.556', 2, 'eea2a8a1903609cbc80be19736d0cdb93a0130b7977efb7a046e8e6c5c8ea545');
INSERT INTO authorizations (id, created_at, removed_at, user_id, token) VALUES (47, '2025-10-08T12:59:02.415', '2025-10-08T12:59:05.274', 2, 'b0ac7a937d52d0496ad1e8db8a12c86b75958683e739392dea7a289f4ff7f128');
INSERT INTO authorizations (id, created_at, removed_at, user_id, token) VALUES (49, '2025-10-08T13:10:50.265', '2025-10-08T13:12:34.863', 1, 'f4e00fac82dc9be82544fe454a3138c3b5b02f6c7b5cace4348aa69c443e6d70');
INSERT INTO authorizations (id, created_at, removed_at, user_id, token) VALUES (50, '2025-10-08T13:12:55.350', '2025-10-08T13:13:46.019', 1, '775a008b63078a53aec31f9606a97a78ad76a6de3d2a301535447348d8f391bd');
INSERT INTO authorizations (id, created_at, removed_at, user_id, token) VALUES (51, '2025-10-08T13:15:59.482', '2025-10-08T13:17:05.870', 1, '13cdc207151aea3662869c26a80d9f69d3b97f1313d6257ac14da2525ebfe270');
INSERT INTO authorizations (id, created_at, removed_at, user_id, token) VALUES (52, '2025-10-08T13:32:16.213', '2025-10-08T13:37:46.123', 1, '4d0268f5be247d6a717c9ad00155da0318842ad7709058a1f3173bde26e1f299');
INSERT INTO authorizations (id, created_at, removed_at, user_id, token) VALUES (53, '2025-10-08T13:45:17.913', '2025-10-08T13:47:40.963', 1, 'c71df39603542e2aaca40e32b65cd28fb698681d1fc71d66684f79efb209c07e');
INSERT INTO authorizations (id, created_at, removed_at, user_id, token) VALUES (54, '2025-10-08T13:50:42.631', '2025-10-08T13:51:13.403', 1, '8522f9ccfba26b76a64d851ee65c2468b4302a00b1b9e2f2a914c5f1357fda86');
INSERT INTO authorizations (id, created_at, removed_at, user_id, token) VALUES (55, '2025-10-08T13:54:21.805', '2025-10-08T13:57:46.597', 1, 'f067e16d4d40ef837fc2fa08126f165b85400cac9b3b2b58c3e772408d1457ed');
INSERT INTO authorizations (id, created_at, removed_at, user_id, token) VALUES (56, '2025-10-08T14:25:57.721', '2025-10-08T14:26:56.286', 1, '1dfa2c1fc614b861807ea97da6cc028f4af06ae7605442fc53644809baaa3281');
INSERT INTO authorizations (id, created_at, removed_at, user_id, token) VALUES (57, '2025-10-08T14:39:02.980', '2025-10-08T14:39:17.019', 1, '03b4f6f1d7039b29d4b334bfa08fd20b2b8d18d268b070f1d1cec8323ad52372');
INSERT INTO authorizations (id, created_at, removed_at, user_id, token) VALUES (58, '2025-10-09T13:08:54.688', '2025-10-09T13:09:02.873', 3, '56361ae9a878186283daa68aab83610b7e398fb088dfcc1ba6c739945edcd025');
INSERT INTO authorizations (id, created_at, removed_at, user_id, token) VALUES (59, '2025-10-09T13:16:27.511', '2025-10-09T13:16:30.380', 3, '09c96c0417c7a7b663269bd2d1a70ff55cf57d4604928c57307be4f5e3e9f8e2');
INSERT INTO authorizations (id, created_at, removed_at, user_id, token) VALUES (60, '2025-10-09T13:16:48.131', '2025-10-09T13:18:05.910', 4, 'f5392eb8f6d175ac0d34f2b9dd6f574f374465a686e449c69a68550b3248e1da');
INSERT INTO authorizations (id, created_at, removed_at, user_id, token) VALUES (61, '2025-10-09T13:31:51.968', '2025-10-09T13:33:01.251', 4, '54228f783f91587d1219f43d3ae0c25bdf6d342c30a4555adf7d032720ec78e6');
INSERT INTO authorizations (id, created_at, removed_at, user_id, token) VALUES (62, '2025-10-09T13:38:23.648', '2025-10-09T13:40:39.833', 4, '9b6edc0f8b1718ef821b2d1f5b5337b95c327308f453421621c4b01222cb8c21');
INSERT INTO authorizations (id, created_at, removed_at, user_id, token) VALUES (63, '2025-10-09T13:57:35.256', '2025-10-09T14:01:37.751', 4, 'c000ef8d94812e7c597ba5afdb3c6978675b13485b5ff9b5f0da8153575df395');
INSERT INTO authorizations (id, created_at, removed_at, user_id, token) VALUES (64, '2025-10-09T14:04:17.725', '2025-10-09T14:04:52.464', 5, '01df6dba4d02842bebef1c658abbcb85dfd55a8f3ed5a521af41c9e050782ea4');
INSERT INTO authorizations (id, created_at, removed_at, user_id, token) VALUES (65, '2025-10-09T14:11:25.338', '2025-10-09T14:12:33.754', 5, '2636a5dc9703abc7fdefd82e2006d4d9df91eef71d1317760d74b547b352534d');
INSERT INTO authorizations (id, created_at, removed_at, user_id, token) VALUES (66, '2025-10-09T14:15:25.247', '2025-10-09T14:15:28.087', 5, 'e72f8f3bf46122c8b7f01859827d356fb6ff275d69508b92925abde60f689a43');
INSERT INTO authorizations (id, created_at, removed_at, user_id, token) VALUES (67, '2025-10-09T14:15:43.503', '2025-10-09T14:16:03.668', 5, 'eac2d8efb6ea3666a3766a7a1d3ebb9d7794aede0ff0bd1113c2760a39686e8b');
INSERT INTO authorizations (id, created_at, removed_at, user_id, token) VALUES (68, '2025-10-09T14:16:43.422', '2025-10-09T14:17:00.353', 5, '6c8118d2e0e5e07b1ea789d5639b1a364e8f9340570cec89faf531938fc82389');
INSERT INTO authorizations (id, created_at, removed_at, user_id, token) VALUES (69, '2025-10-09T14:18:52.274', '2025-10-09T14:20:15.300', 5, 'b08c599b7c7500184485e87f360c966b78c47ff13bd0b1fab5ac4f34faa38f22');
INSERT INTO authorizations (id, created_at, removed_at, user_id, token) VALUES (70, '2025-10-09T14:37:20.090', '2025-10-09T14:38:22.154', 3, 'be63f45b470ab1f81032dc26f7e3b8f520e0829c031b59901064b27d1fa2a2f2');
INSERT INTO authorizations (id, created_at, removed_at, user_id, token) VALUES (71, '2025-10-09T14:38:32.349', '2025-10-09T14:43:14.973', 4, 'db7998a24797e9dc60cb50eeaef1719f6b149cdf21a5b447cd8eb7db44d2ef84');
INSERT INTO authorizations (id, created_at, removed_at, user_id, token) VALUES (72, '2025-10-09T14:46:43.497', '2025-10-09T14:47:17.424', 3, '9027cedbfb64fe4dcbbbb5b14539041dd1db087c1594dc8dbcd62346281d7b61');
INSERT INTO authorizations (id, created_at, removed_at, user_id, token) VALUES (73, '2025-10-09T14:51:24.229', '2025-10-09T14:52:25.564', 3, '6e5179396d00aa659e200487c3898074a237fe680e1694ff9242b00a2bf7ec06');
INSERT INTO authorizations (id, created_at, removed_at, user_id, token) VALUES (74, '2025-10-09T14:53:48.145', '2025-10-09T14:54:51.237', 3, 'd4b3cbdb1e8171e7b9803b164a57a9fdf5e81b543424e022a8868e360450da97');

-- 表：cart_items
CREATE TABLE IF NOT EXISTS cart_items (id INTEGER, created_at DATETIME NOT NULL DEFAULT CURRENT_TIMESTAMP, removed_at DATETIME, cart_id INTEGER NOT NULL, product_id INTEGER NOT NULL, quantity INTEGER NOT NULL DEFAULT (0), PRIMARY KEY (id));
INSERT INTO cart_items (id, created_at, removed_at, cart_id, product_id, quantity) VALUES (1, '2025-10-06T22:54:06.619', '2025-10-06T22:54:46.362', 1, 1, 0);
INSERT INTO cart_items (id, created_at, removed_at, cart_id, product_id, quantity) VALUES (2, '2025-10-06T22:58:50.463', NULL, 1, 23, 1);
INSERT INTO cart_items (id, created_at, removed_at, cart_id, product_id, quantity) VALUES (3, '2025-10-06T23:50:18.933', NULL, 1, 20, 0);
INSERT INTO cart_items (id, created_at, removed_at, cart_id, product_id, quantity) VALUES (4, '2025-10-07T02:22:31.129', NULL, 1, 21, 0);
INSERT INTO cart_items (id, created_at, removed_at, cart_id, product_id, quantity) VALUES (5, '2025-10-07T02:23:07.310', NULL, 1, 19, 0);
INSERT INTO cart_items (id, created_at, removed_at, cart_id, product_id, quantity) VALUES (6, '2025-10-07T13:42:57.361', '2025-10-07T13:43:04.440', 1, 4, 0);
INSERT INTO cart_items (id, created_at, removed_at, cart_id, product_id, quantity) VALUES (7, '2025-10-07T22:27:52.136', NULL, 2, 22, 10);
INSERT INTO cart_items (id, created_at, removed_at, cart_id, product_id, quantity) VALUES (8, '2025-10-07T22:32:32.464', NULL, 2, 23, 0);
INSERT INTO cart_items (id, created_at, removed_at, cart_id, product_id, quantity) VALUES (9, '2025-10-07T22:35:36.383', '2025-10-08T00:21:47.438', 2, 3, 0);
INSERT INTO cart_items (id, created_at, removed_at, cart_id, product_id, quantity) VALUES (10, '2025-10-07T22:36:24.983', NULL, 2, 9, 10);
INSERT INTO cart_items (id, created_at, removed_at, cart_id, product_id, quantity) VALUES (11, '2025-10-08T13:35:27.410', NULL, 1, 9, 0);
INSERT INTO cart_items (id, created_at, removed_at, cart_id, product_id, quantity) VALUES (12, '2025-10-09T13:32:00.176', NULL, 4, 1, 7);
INSERT INTO cart_items (id, created_at, removed_at, cart_id, product_id, quantity) VALUES (13, '2025-10-09T13:32:11.439', NULL, 4, 2, 7);
INSERT INTO cart_items (id, created_at, removed_at, cart_id, product_id, quantity) VALUES (14, '2025-10-09T13:58:05.329', NULL, 4, 23, 99);
INSERT INTO cart_items (id, created_at, removed_at, cart_id, product_id, quantity) VALUES (15, '2025-10-09T14:11:56.495', NULL, 5, 22, 7);
INSERT INTO cart_items (id, created_at, removed_at, cart_id, product_id, quantity) VALUES (16, '2025-10-09T14:12:14.131', NULL, 5, 21, 6);
INSERT INTO cart_items (id, created_at, removed_at, cart_id, product_id, quantity) VALUES (17, '2025-10-09T14:41:57.608', NULL, 4, 22, 99);
INSERT INTO cart_items (id, created_at, removed_at, cart_id, product_id, quantity) VALUES (18, '2025-10-09T14:54:06.662', '2025-10-09T14:54:41.207', 3, 1, 4);
INSERT INTO cart_items (id, created_at, removed_at, cart_id, product_id, quantity) VALUES (19, '2025-10-09T14:54:09.462', '2025-10-09T14:54:42.229', 3, 2, 4);
INSERT INTO cart_items (id, created_at, removed_at, cart_id, product_id, quantity) VALUES (20, '2025-10-09T14:54:12.622', '2025-10-09T14:54:43.020', 3, 3, 5);

-- 表：carts
CREATE TABLE IF NOT EXISTS carts (id INTEGER, created_at DATETIME NOT NULL DEFAULT CURRENT_TIMESTAMP, removed_at DATETIME, user_id INTEGER NOT NULL, PRIMARY KEY (id));
INSERT INTO carts (id, created_at, removed_at, user_id) VALUES (1, '2025-10-06T22:50:35.209', NULL, 1);
INSERT INTO carts (id, created_at, removed_at, user_id) VALUES (2, '2025-10-07T22:26:48.946', NULL, 2);
INSERT INTO carts (id, created_at, removed_at, user_id) VALUES (3, '2025-10-09T13:08:45.511', NULL, 3);
INSERT INTO carts (id, created_at, removed_at, user_id) VALUES (4, '2025-10-09T13:16:36.880', NULL, 4);
INSERT INTO carts (id, created_at, removed_at, user_id) VALUES (5, '2025-10-09T14:04:13.366', NULL, 5);

-- 表：logs
CREATE TABLE IF NOT EXISTS logs (id INTEGER, created_at DATETIME NOT NULL, removed_at DATETIME, type TEXT NOT NULL, text TEXT NOT NULL DEFAULT "", PRIMARY KEY (id));

-- 表：notifications
CREATE TABLE IF NOT EXISTS notifications (id INTEGER, created_at DATETIME NOT NULL DEFAULT CURRENT_TIMESTAMP, removed_at DATETIME, user_id INTEGER NOT NULL, text TEXT NOT NULL, PRIMARY KEY (id));

-- 表：order_items
CREATE TABLE IF NOT EXISTS order_items (id INTEGER, created_at DATETIME NOT NULL DEFAULT CURRENT_TIMESTAMP, removed_at DATETIME, order_id INTEGER NOT NULL, product_id INTEGER NOT NULL, quantity INTEGER NOT NULL, cost DECIMAL (10, 2) NOT NULL, PRIMARY KEY (id));
INSERT INTO order_items (id, created_at, removed_at, order_id, product_id, quantity, cost) VALUES (1, '2025-10-06T22:59:00.781', NULL, 1, 23, 4, 3999996);
INSERT INTO order_items (id, created_at, removed_at, order_id, product_id, quantity, cost) VALUES (2, '2025-10-06T23:50:29.257', NULL, 2, 20, 16, 1601.6);
INSERT INTO order_items (id, created_at, removed_at, order_id, product_id, quantity, cost) VALUES (3, '2025-10-06T23:50:29.257', NULL, 2, 23, 4, 3999996);
INSERT INTO order_items (id, created_at, removed_at, order_id, product_id, quantity, cost) VALUES (4, '2025-10-07T02:23:26.718', NULL, 3, 19, 8, 800.8);
INSERT INTO order_items (id, created_at, removed_at, order_id, product_id, quantity, cost) VALUES (5, '2025-10-07T02:23:26.718', NULL, 3, 20, 16, 1601.6);
INSERT INTO order_items (id, created_at, removed_at, order_id, product_id, quantity, cost) VALUES (6, '2025-10-07T02:23:26.718', NULL, 3, 23, 4, 3999996);
INSERT INTO order_items (id, created_at, removed_at, order_id, product_id, quantity, cost) VALUES (7, '2025-10-07T02:24:00.033', NULL, 4, 19, 8, 800.8);
INSERT INTO order_items (id, created_at, removed_at, order_id, product_id, quantity, cost) VALUES (8, '2025-10-07T02:24:00.033', NULL, 4, 20, 16, 1601.6);
INSERT INTO order_items (id, created_at, removed_at, order_id, product_id, quantity, cost) VALUES (9, '2025-10-07T02:24:00.033', NULL, 4, 21, 11, 1101.1);
INSERT INTO order_items (id, created_at, removed_at, order_id, product_id, quantity, cost) VALUES (10, '2025-10-07T02:24:00.033', NULL, 4, 23, 4, 3999996);
INSERT INTO order_items (id, created_at, removed_at, order_id, product_id, quantity, cost) VALUES (11, '2025-10-07T18:06:38.194', NULL, 5, 23, 1, 999999);
INSERT INTO order_items (id, created_at, removed_at, order_id, product_id, quantity, cost) VALUES (12, '2025-10-07T18:06:53.831', NULL, 6, 23, 2, 1999998);
INSERT INTO order_items (id, created_at, removed_at, order_id, product_id, quantity, cost) VALUES (13, '2025-10-07T19:17:51.946', NULL, 7, 23, 2, 1999998);
INSERT INTO order_items (id, created_at, removed_at, order_id, product_id, quantity, cost) VALUES (14, '2025-10-07T21:57:40.259', NULL, 8, 23, 2, 1999998);
INSERT INTO order_items (id, created_at, removed_at, order_id, product_id, quantity, cost) VALUES (15, '2025-10-07T22:02:44.776', NULL, 9, 23, 2, 1999998);
INSERT INTO order_items (id, created_at, removed_at, order_id, product_id, quantity, cost) VALUES (16, '2025-10-07T22:09:12.088', NULL, 10, 23, 2, 999999);
INSERT INTO order_items (id, created_at, removed_at, order_id, product_id, quantity, cost) VALUES (17, '2025-10-07T22:13:29.968', NULL, 11, 23, 2, 1998998);
INSERT INTO order_items (id, created_at, removed_at, order_id, product_id, quantity, cost) VALUES (18, '2025-10-07T22:29:00.661', NULL, 12, 22, 10, 0);
INSERT INTO order_items (id, created_at, removed_at, order_id, product_id, quantity, cost) VALUES (19, '2025-10-07T22:29:27.005', NULL, 13, 22, 11, 0);
INSERT INTO order_items (id, created_at, removed_at, order_id, product_id, quantity, cost) VALUES (20, '2025-10-07T22:31:31.232', NULL, 14, 22, 11, 101.09999999999991);
INSERT INTO order_items (id, created_at, removed_at, order_id, product_id, quantity, cost) VALUES (21, '2025-10-07T22:31:59.463', NULL, 15, 22, 10, 1);
INSERT INTO order_items (id, created_at, removed_at, order_id, product_id, quantity, cost) VALUES (22, '2025-10-07T22:32:17.652', NULL, 16, 22, 20, 1002);
INSERT INTO order_items (id, created_at, removed_at, order_id, product_id, quantity, cost) VALUES (23, '2025-10-07T22:32:47.002', NULL, 17, 23, 1, 499999.5);
INSERT INTO order_items (id, created_at, removed_at, order_id, product_id, quantity, cost) VALUES (24, '2025-10-07T22:33:05.020', NULL, 18, 23, 33, 16499983.5);
INSERT INTO order_items (id, created_at, removed_at, order_id, product_id, quantity, cost) VALUES (25, '2025-10-07T22:33:17.019', NULL, 19, 23, 99, 49499950.5);
INSERT INTO order_items (id, created_at, removed_at, order_id, product_id, quantity, cost) VALUES (26, '2025-10-07T22:34:16.706', NULL, 20, 22, 10, 1);
INSERT INTO order_items (id, created_at, removed_at, order_id, product_id, quantity, cost) VALUES (27, '2025-10-07T22:34:16.712', NULL, 20, 23, 99, 49499950.5);
INSERT INTO order_items (id, created_at, removed_at, order_id, product_id, quantity, cost) VALUES (28, '2025-10-07T22:34:37.383', NULL, 21, 22, 5, 500.5);
INSERT INTO order_items (id, created_at, removed_at, order_id, product_id, quantity, cost) VALUES (29, '2025-10-07T22:34:37.391', NULL, 21, 23, 99, 49499950.5);
INSERT INTO order_items (id, created_at, removed_at, order_id, product_id, quantity, cost) VALUES (30, '2025-10-07T22:35:45.608', NULL, 22, 22, 5, 500.5);
INSERT INTO order_items (id, created_at, removed_at, order_id, product_id, quantity, cost) VALUES (31, '2025-10-07T22:35:45.608', NULL, 22, 23, 99, 49499950.5);
INSERT INTO order_items (id, created_at, removed_at, order_id, product_id, quantity, cost) VALUES (32, '2025-10-07T22:36:57.305', NULL, 23, 9, 99, 2663.1);
INSERT INTO order_items (id, created_at, removed_at, order_id, product_id, quantity, cost) VALUES (33, '2025-10-07T22:37:02.251', NULL, 24, 9, 99, 2663.1);
INSERT INTO order_items (id, created_at, removed_at, order_id, product_id, quantity, cost) VALUES (34, '2025-10-07T22:37:02.501', NULL, 25, 9, 99, 2663.1);
INSERT INTO order_items (id, created_at, removed_at, order_id, product_id, quantity, cost) VALUES (35, '2025-10-07T22:37:02.790', NULL, 26, 9, 99, 2663.1);
INSERT INTO order_items (id, created_at, removed_at, order_id, product_id, quantity, cost) VALUES (36, '2025-10-07T22:37:02.978', NULL, 27, 9, 99, 2663.1);
INSERT INTO order_items (id, created_at, removed_at, order_id, product_id, quantity, cost) VALUES (37, '2025-10-07T22:37:03.161', NULL, 28, 9, 99, 2663.1);
INSERT INTO order_items (id, created_at, removed_at, order_id, product_id, quantity, cost) VALUES (38, '2025-10-07T22:37:03.374', NULL, 29, 9, 99, 2663.1);
INSERT INTO order_items (id, created_at, removed_at, order_id, product_id, quantity, cost) VALUES (39, '2025-10-07T22:37:03.632', NULL, 30, 9, 99, 2663.1);
INSERT INTO order_items (id, created_at, removed_at, order_id, product_id, quantity, cost) VALUES (40, '2025-10-07T22:37:03.679', NULL, 31, 9, 99, 2663.1);
INSERT INTO order_items (id, created_at, removed_at, order_id, product_id, quantity, cost) VALUES (41, '2025-10-07T22:37:03.936', NULL, 32, 9, 99, 2663.1);
INSERT INTO order_items (id, created_at, removed_at, order_id, product_id, quantity, cost) VALUES (42, '2025-10-07T22:37:04.265', NULL, 33, 9, 99, 2663.1);
INSERT INTO order_items (id, created_at, removed_at, order_id, product_id, quantity, cost) VALUES (43, '2025-10-07T22:37:04.297', NULL, 34, 9, 99, 2663.1);
INSERT INTO order_items (id, created_at, removed_at, order_id, product_id, quantity, cost) VALUES (44, '2025-10-07T22:37:04.654', NULL, 35, 9, 99, 2663.1);
INSERT INTO order_items (id, created_at, removed_at, order_id, product_id, quantity, cost) VALUES (45, '2025-10-07T22:37:04.686', NULL, 36, 9, 99, 2663.1);
INSERT INTO order_items (id, created_at, removed_at, order_id, product_id, quantity, cost) VALUES (46, '2025-10-07T22:37:05.061', NULL, 37, 9, 99, 2663.1);
INSERT INTO order_items (id, created_at, removed_at, order_id, product_id, quantity, cost) VALUES (47, '2025-10-07T22:37:05.108', NULL, 38, 9, 99, 2663.1);
INSERT INTO order_items (id, created_at, removed_at, order_id, product_id, quantity, cost) VALUES (48, '2025-10-07T22:37:05.188', NULL, 39, 9, 99, 2663.1);
INSERT INTO order_items (id, created_at, removed_at, order_id, product_id, quantity, cost) VALUES (49, '2025-10-07T22:37:05.617', NULL, 40, 9, 99, 2663.1);
INSERT INTO order_items (id, created_at, removed_at, order_id, product_id, quantity, cost) VALUES (50, '2025-10-07T22:37:05.651', NULL, 41, 9, 99, 2663.1);
INSERT INTO order_items (id, created_at, removed_at, order_id, product_id, quantity, cost) VALUES (51, '2025-10-07T22:37:05.738', NULL, 42, 9, 99, 2663.1);
INSERT INTO order_items (id, created_at, removed_at, order_id, product_id, quantity, cost) VALUES (52, '2025-10-07T22:37:06.147', NULL, 43, 9, 99, 2663.1);
INSERT INTO order_items (id, created_at, removed_at, order_id, product_id, quantity, cost) VALUES (53, '2025-10-07T22:37:06.228', NULL, 44, 9, 99, 2663.1);
INSERT INTO order_items (id, created_at, removed_at, order_id, product_id, quantity, cost) VALUES (54, '2025-10-07T22:37:06.253', NULL, 45, 9, 99, 2663.1);
INSERT INTO order_items (id, created_at, removed_at, order_id, product_id, quantity, cost) VALUES (55, '2025-10-07T22:37:06.707', NULL, 46, 9, 99, 2663.1);
INSERT INTO order_items (id, created_at, removed_at, order_id, product_id, quantity, cost) VALUES (56, '2025-10-07T22:37:06.825', NULL, 47, 9, 99, 2663.1);
INSERT INTO order_items (id, created_at, removed_at, order_id, product_id, quantity, cost) VALUES (57, '2025-10-07T22:37:06.857', NULL, 48, 9, 99, 2663.1);
INSERT INTO order_items (id, created_at, removed_at, order_id, product_id, quantity, cost) VALUES (58, '2025-10-07T22:37:07.295', NULL, 49, 9, 99, 2663.1);
INSERT INTO order_items (id, created_at, removed_at, order_id, product_id, quantity, cost) VALUES (59, '2025-10-07T22:37:07.398', NULL, 50, 9, 99, 2663.1);
INSERT INTO order_items (id, created_at, removed_at, order_id, product_id, quantity, cost) VALUES (60, '2025-10-07T22:37:07.456', NULL, 51, 9, 99, 2663.1);
INSERT INTO order_items (id, created_at, removed_at, order_id, product_id, quantity, cost) VALUES (61, '2025-10-07T22:37:07.525', NULL, 52, 9, 99, 2663.1);
INSERT INTO order_items (id, created_at, removed_at, order_id, product_id, quantity, cost) VALUES (62, '2025-10-07T22:37:08.085', NULL, 53, 9, 99, 2663.1);
INSERT INTO order_items (id, created_at, removed_at, order_id, product_id, quantity, cost) VALUES (63, '2025-10-07T22:37:08.149', NULL, 54, 9, 99, 2663.1);
INSERT INTO order_items (id, created_at, removed_at, order_id, product_id, quantity, cost) VALUES (64, '2025-10-07T22:37:08.162', NULL, 55, 9, 99, 2663.1);
INSERT INTO order_items (id, created_at, removed_at, order_id, product_id, quantity, cost) VALUES (65, '2025-10-07T22:37:08.209', NULL, 56, 9, 99, 2663.1);
INSERT INTO order_items (id, created_at, removed_at, order_id, product_id, quantity, cost) VALUES (66, '2025-10-07T22:37:08.825', NULL, 57, 9, 99, 2663.1);
INSERT INTO order_items (id, created_at, removed_at, order_id, product_id, quantity, cost) VALUES (67, '2025-10-07T22:37:08.857', NULL, 58, 9, 99, 2663.1);
INSERT INTO order_items (id, created_at, removed_at, order_id, product_id, quantity, cost) VALUES (68, '2025-10-07T22:37:08.900', NULL, 59, 9, 99, 2663.1);
INSERT INTO order_items (id, created_at, removed_at, order_id, product_id, quantity, cost) VALUES (69, '2025-10-07T22:37:08.941', NULL, 60, 9, 99, 2663.1);
INSERT INTO order_items (id, created_at, removed_at, order_id, product_id, quantity, cost) VALUES (70, '2025-10-07T22:37:09.706', NULL, 61, 9, 99, 2663.1);
INSERT INTO order_items (id, created_at, removed_at, order_id, product_id, quantity, cost) VALUES (71, '2025-10-07T22:37:09.781', NULL, 62, 9, 99, 2663.1);
INSERT INTO order_items (id, created_at, removed_at, order_id, product_id, quantity, cost) VALUES (72, '2025-10-07T22:37:09.829', NULL, 63, 9, 99, 2663.1);
INSERT INTO order_items (id, created_at, removed_at, order_id, product_id, quantity, cost) VALUES (73, '2025-10-07T22:37:09.860', NULL, 64, 9, 99, 2663.1);
INSERT INTO order_items (id, created_at, removed_at, order_id, product_id, quantity, cost) VALUES (74, '2025-10-07T22:37:09.882', NULL, 65, 9, 99, 2663.1);
INSERT INTO order_items (id, created_at, removed_at, order_id, product_id, quantity, cost) VALUES (75, '2025-10-07T22:37:10.561', NULL, 66, 9, 99, 2663.1);
INSERT INTO order_items (id, created_at, removed_at, order_id, product_id, quantity, cost) VALUES (76, '2025-10-07T22:37:10.598', NULL, 67, 9, 99, 2663.1);
INSERT INTO order_items (id, created_at, removed_at, order_id, product_id, quantity, cost) VALUES (77, '2025-10-07T22:37:10.625', NULL, 68, 9, 99, 2663.1);
INSERT INTO order_items (id, created_at, removed_at, order_id, product_id, quantity, cost) VALUES (78, '2025-10-07T22:37:10.784', NULL, 69, 9, 99, 2663.1);
INSERT INTO order_items (id, created_at, removed_at, order_id, product_id, quantity, cost) VALUES (79, '2025-10-07T22:37:10.849', NULL, 70, 9, 99, 2663.1);
INSERT INTO order_items (id, created_at, removed_at, order_id, product_id, quantity, cost) VALUES (80, '2025-10-07T22:37:11.497', NULL, 71, 9, 99, 2663.1);
INSERT INTO order_items (id, created_at, removed_at, order_id, product_id, quantity, cost) VALUES (81, '2025-10-07T22:37:11.557', NULL, 72, 9, 99, 2663.1);
INSERT INTO order_items (id, created_at, removed_at, order_id, product_id, quantity, cost) VALUES (82, '2025-10-07T22:37:11.579', NULL, 73, 9, 99, 2663.1);
INSERT INTO order_items (id, created_at, removed_at, order_id, product_id, quantity, cost) VALUES (83, '2025-10-07T22:37:11.689', NULL, 74, 9, 99, 2663.1);
INSERT INTO order_items (id, created_at, removed_at, order_id, product_id, quantity, cost) VALUES (84, '2025-10-07T22:37:11.752', NULL, 75, 9, 99, 2663.1);
INSERT INTO order_items (id, created_at, removed_at, order_id, product_id, quantity, cost) VALUES (85, '2025-10-07T22:37:11.847', NULL, 76, 9, 99, 2663.1);
INSERT INTO order_items (id, created_at, removed_at, order_id, product_id, quantity, cost) VALUES (86, '2025-10-07T22:37:12.442', NULL, 77, 9, 99, 2663.1);
INSERT INTO order_items (id, created_at, removed_at, order_id, product_id, quantity, cost) VALUES (87, '2025-10-07T22:37:12.493', NULL, 78, 9, 99, 2663.1);
INSERT INTO order_items (id, created_at, removed_at, order_id, product_id, quantity, cost) VALUES (88, '2025-10-08T00:19:20.707', NULL, 79, 9, 99, 2663.1);
INSERT INTO order_items (id, created_at, removed_at, order_id, product_id, quantity, cost) VALUES (89, '2025-10-08T00:19:20.714', NULL, 79, 23, 1, 499999.5);
INSERT INTO order_items (id, created_at, removed_at, order_id, product_id, quantity, cost) VALUES (90, '2025-10-08T02:31:31.010', NULL, 80, 22, 10, 1);
INSERT INTO order_items (id, created_at, removed_at, order_id, product_id, quantity, cost) VALUES (91, '2025-10-08T11:45:25.407', NULL, 81, 9, 10, 269);
INSERT INTO order_items (id, created_at, removed_at, order_id, product_id, quantity, cost) VALUES (92, '2025-10-08T11:45:25.416', NULL, 81, 22, 10, 1);
INSERT INTO order_items (id, created_at, removed_at, order_id, product_id, quantity, cost) VALUES (93, '2025-10-08T11:45:26.963', NULL, 82, 9, 10, 269);
INSERT INTO order_items (id, created_at, removed_at, order_id, product_id, quantity, cost) VALUES (94, '2025-10-08T11:45:26.966', NULL, 82, 22, 10, 1);
INSERT INTO order_items (id, created_at, removed_at, order_id, product_id, quantity, cost) VALUES (95, '2025-10-08T11:45:27.599', NULL, 83, 9, 10, 269);
INSERT INTO order_items (id, created_at, removed_at, order_id, product_id, quantity, cost) VALUES (96, '2025-10-08T11:45:27.611', NULL, 83, 22, 10, 1);
INSERT INTO order_items (id, created_at, removed_at, order_id, product_id, quantity, cost) VALUES (97, '2025-10-08T11:45:27.964', NULL, 84, 9, 10, 269);
INSERT INTO order_items (id, created_at, removed_at, order_id, product_id, quantity, cost) VALUES (98, '2025-10-08T11:45:27.964', NULL, 84, 22, 10, 1);
INSERT INTO order_items (id, created_at, removed_at, order_id, product_id, quantity, cost) VALUES (99, '2025-10-08T11:45:28.190', NULL, 85, 9, 10, 269);
INSERT INTO order_items (id, created_at, removed_at, order_id, product_id, quantity, cost) VALUES (100, '2025-10-08T11:45:28.196', NULL, 85, 22, 10, 1);
INSERT INTO order_items (id, created_at, removed_at, order_id, product_id, quantity, cost) VALUES (101, '2025-10-08T11:45:28.485', NULL, 86, 9, 10, 269);
INSERT INTO order_items (id, created_at, removed_at, order_id, product_id, quantity, cost) VALUES (102, '2025-10-08T11:45:28.490', NULL, 86, 22, 10, 1);
INSERT INTO order_items (id, created_at, removed_at, order_id, product_id, quantity, cost) VALUES (103, '2025-10-08T11:45:28.677', NULL, 87, 9, 10, 269);
INSERT INTO order_items (id, created_at, removed_at, order_id, product_id, quantity, cost) VALUES (104, '2025-10-08T11:45:28.680', NULL, 87, 22, 10, 1);
INSERT INTO order_items (id, created_at, removed_at, order_id, product_id, quantity, cost) VALUES (105, '2025-10-08T11:45:29.016', NULL, 88, 9, 10, 269);
INSERT INTO order_items (id, created_at, removed_at, order_id, product_id, quantity, cost) VALUES (106, '2025-10-08T11:45:29.016', NULL, 88, 22, 10, 1);
INSERT INTO order_items (id, created_at, removed_at, order_id, product_id, quantity, cost) VALUES (107, '2025-10-08T11:45:29.339', NULL, 89, 9, 10, 269);
INSERT INTO order_items (id, created_at, removed_at, order_id, product_id, quantity, cost) VALUES (108, '2025-10-08T11:45:29.346', NULL, 89, 22, 10, 1);
INSERT INTO order_items (id, created_at, removed_at, order_id, product_id, quantity, cost) VALUES (109, '2025-10-08T11:45:29.447', NULL, 90, 9, 10, 269);
INSERT INTO order_items (id, created_at, removed_at, order_id, product_id, quantity, cost) VALUES (110, '2025-10-08T11:45:29.447', NULL, 90, 22, 10, 1);
INSERT INTO order_items (id, created_at, removed_at, order_id, product_id, quantity, cost) VALUES (111, '2025-10-08T11:45:29.830', NULL, 91, 9, 10, 269);
INSERT INTO order_items (id, created_at, removed_at, order_id, product_id, quantity, cost) VALUES (112, '2025-10-08T11:45:29.842', NULL, 91, 22, 10, 1);
INSERT INTO order_items (id, created_at, removed_at, order_id, product_id, quantity, cost) VALUES (113, '2025-10-08T11:45:29.887', NULL, 92, 9, 10, 269);
INSERT INTO order_items (id, created_at, removed_at, order_id, product_id, quantity, cost) VALUES (114, '2025-10-08T11:45:29.893', NULL, 92, 22, 10, 1);
INSERT INTO order_items (id, created_at, removed_at, order_id, product_id, quantity, cost) VALUES (115, '2025-10-08T11:45:30.153', NULL, 93, 9, 10, 269);
INSERT INTO order_items (id, created_at, removed_at, order_id, product_id, quantity, cost) VALUES (116, '2025-10-08T11:45:30.158', NULL, 93, 22, 10, 1);
INSERT INTO order_items (id, created_at, removed_at, order_id, product_id, quantity, cost) VALUES (117, '2025-10-08T11:45:30.333', NULL, 94, 9, 10, 269);
INSERT INTO order_items (id, created_at, removed_at, order_id, product_id, quantity, cost) VALUES (118, '2025-10-08T11:45:30.340', NULL, 94, 22, 10, 1);
INSERT INTO order_items (id, created_at, removed_at, order_id, product_id, quantity, cost) VALUES (119, '2025-10-08T13:36:33.723', NULL, 95, 23, 1, 999999);
INSERT INTO order_items (id, created_at, removed_at, order_id, product_id, quantity, cost) VALUES (120, '2025-10-08T13:36:33.901', NULL, 96, 23, 1, 999999);
INSERT INTO order_items (id, created_at, removed_at, order_id, product_id, quantity, cost) VALUES (121, '2025-10-08T13:37:14.354', NULL, 97, 23, 1, 499999.5);
INSERT INTO order_items (id, created_at, removed_at, order_id, product_id, quantity, cost) VALUES (122, '2025-10-09T13:58:15.037', NULL, 98, 23, 5, 2499997.5);
INSERT INTO order_items (id, created_at, removed_at, order_id, product_id, quantity, cost) VALUES (123, '2025-10-09T14:01:05.224', NULL, 99, 23, 5, 499999.5);
INSERT INTO order_items (id, created_at, removed_at, order_id, product_id, quantity, cost) VALUES (124, '2025-10-09T14:39:20.723', NULL, 100, 23, 1, 99999.90000000001);
INSERT INTO order_items (id, created_at, removed_at, order_id, product_id, quantity, cost) VALUES (125, '2025-10-09T14:39:24.894', NULL, 101, 23, 1, 99999.90000000001);
INSERT INTO order_items (id, created_at, removed_at, order_id, product_id, quantity, cost) VALUES (126, '2025-10-09T14:39:38.942', NULL, 102, 23, 99, 9899990.1);
INSERT INTO order_items (id, created_at, removed_at, order_id, product_id, quantity, cost) VALUES (127, '2025-10-09T14:39:40.999', NULL, 103, 23, 99, 9899990.1);
INSERT INTO order_items (id, created_at, removed_at, order_id, product_id, quantity, cost) VALUES (128, '2025-10-09T14:39:43.079', NULL, 104, 23, 53, 5299994.7);
INSERT INTO order_items (id, created_at, removed_at, order_id, product_id, quantity, cost) VALUES (129, '2025-10-09T14:42:20.265', NULL, 105, 22, 99, 9909.9);
INSERT INTO order_items (id, created_at, removed_at, order_id, product_id, quantity, cost) VALUES (130, '2025-10-09T14:42:21.846', NULL, 106, 22, 99, 9909.9);
INSERT INTO order_items (id, created_at, removed_at, order_id, product_id, quantity, cost) VALUES (131, '2025-10-09T14:42:23.367', NULL, 107, 22, 99, 9909.9);
INSERT INTO order_items (id, created_at, removed_at, order_id, product_id, quantity, cost) VALUES (132, '2025-10-09T14:42:24.903', NULL, 108, 22, 3, 300.29999999999995);

-- 表：orders
CREATE TABLE IF NOT EXISTS orders (id INTEGER, created_at DATETIME NOT NULL DEFAULT CURRENT_TIMESTAMP, removed_at DATETIME, user_id INTEGER NOT NULL, cost DECIMAL (10, 2) NOT NULL, status TEXT NOT NULL, PRIMARY KEY (id));
INSERT INTO orders (id, created_at, removed_at, user_id, cost, status) VALUES (1, '2025-10-06T22:59:00.777', NULL, 1, 3999996, 'pending');
INSERT INTO orders (id, created_at, removed_at, user_id, cost, status) VALUES (2, '2025-10-06T23:50:29.255', NULL, 1, 4001597.6, 'pending');
INSERT INTO orders (id, created_at, removed_at, user_id, cost, status) VALUES (3, '2025-10-07T02:23:26.710', NULL, 1, 4002398.4, 'pending');
INSERT INTO orders (id, created_at, removed_at, user_id, cost, status) VALUES (4, '2025-10-07T02:24:00.019', NULL, 1, 4003499.5, 'pending');
INSERT INTO orders (id, created_at, removed_at, user_id, cost, status) VALUES (5, '2025-10-07T18:06:38.186', NULL, 1, 999999, 'pending');
INSERT INTO orders (id, created_at, removed_at, user_id, cost, status) VALUES (6, '2025-10-07T18:06:53.824', NULL, 1, 1999998, 'pending');
INSERT INTO orders (id, created_at, removed_at, user_id, cost, status) VALUES (7, '2025-10-07T19:17:51.942', NULL, 1, 1999998, 'pending');
INSERT INTO orders (id, created_at, removed_at, user_id, cost, status) VALUES (8, '2025-10-07T21:57:40.251', NULL, 1, 1999998, 'pending');
INSERT INTO orders (id, created_at, removed_at, user_id, cost, status) VALUES (9, '2025-10-07T22:02:44.769', NULL, 1, 1999998, 'pending');
INSERT INTO orders (id, created_at, removed_at, user_id, cost, status) VALUES (10, '2025-10-07T22:09:12.079', NULL, 1, 999999, 'pending');
INSERT INTO orders (id, created_at, removed_at, user_id, cost, status) VALUES (11, '2025-10-07T22:13:29.953', NULL, 1, 1998998, 'pending');
INSERT INTO orders (id, created_at, removed_at, user_id, cost, status) VALUES (12, '2025-10-07T22:29:00.661', NULL, 2, 0, 'pending');
INSERT INTO orders (id, created_at, removed_at, user_id, cost, status) VALUES (13, '2025-10-07T22:29:26.986', NULL, 2, 0, 'pending');
INSERT INTO orders (id, created_at, removed_at, user_id, cost, status) VALUES (14, '2025-10-07T22:31:31.223', NULL, 2, 101.09999999999991, 'pending');
INSERT INTO orders (id, created_at, removed_at, user_id, cost, status) VALUES (15, '2025-10-07T22:31:59.454', NULL, 2, 1, 'pending');
INSERT INTO orders (id, created_at, removed_at, user_id, cost, status) VALUES (16, '2025-10-07T22:32:17.646', NULL, 2, 1002, 'pending');
INSERT INTO orders (id, created_at, removed_at, user_id, cost, status) VALUES (17, '2025-10-07T22:32:46.995', NULL, 2, 499999.5, 'pending');
INSERT INTO orders (id, created_at, removed_at, user_id, cost, status) VALUES (18, '2025-10-07T22:33:05.016', NULL, 2, 16499983.5, 'pending');
INSERT INTO orders (id, created_at, removed_at, user_id, cost, status) VALUES (19, '2025-10-07T22:33:17.010', NULL, 2, 49499950.5, 'pending');
INSERT INTO orders (id, created_at, removed_at, user_id, cost, status) VALUES (20, '2025-10-07T22:34:16.698', NULL, 2, 49499951.5, 'pending');
INSERT INTO orders (id, created_at, removed_at, user_id, cost, status) VALUES (21, '2025-10-07T22:34:37.375', NULL, 2, 49500451, 'pending');
INSERT INTO orders (id, created_at, removed_at, user_id, cost, status) VALUES (22, '2025-10-07T22:35:45.608', NULL, 2, 49500451, 'pending');
INSERT INTO orders (id, created_at, removed_at, user_id, cost, status) VALUES (23, '2025-10-07T22:36:57.297', NULL, 2, 2663.1, 'pending');
INSERT INTO orders (id, created_at, removed_at, user_id, cost, status) VALUES (24, '2025-10-07T22:37:02.234', NULL, 2, 2663.1, 'pending');
INSERT INTO orders (id, created_at, removed_at, user_id, cost, status) VALUES (25, '2025-10-07T22:37:02.496', NULL, 2, 2663.1, 'pending');
INSERT INTO orders (id, created_at, removed_at, user_id, cost, status) VALUES (26, '2025-10-07T22:37:02.771', NULL, 2, 2663.1, 'pending');
INSERT INTO orders (id, created_at, removed_at, user_id, cost, status) VALUES (27, '2025-10-07T22:37:02.974', NULL, 2, 2663.1, 'pending');
INSERT INTO orders (id, created_at, removed_at, user_id, cost, status) VALUES (28, '2025-10-07T22:37:03.159', NULL, 2, 2663.1, 'pending');
INSERT INTO orders (id, created_at, removed_at, user_id, cost, status) VALUES (29, '2025-10-07T22:37:03.360', NULL, 2, 2663.1, 'pending');
INSERT INTO orders (id, created_at, removed_at, user_id, cost, status) VALUES (30, '2025-10-07T22:37:03.614', NULL, 2, 2663.1, 'pending');
INSERT INTO orders (id, created_at, removed_at, user_id, cost, status) VALUES (31, '2025-10-07T22:37:03.661', NULL, 2, 2663.1, 'pending');
INSERT INTO orders (id, created_at, removed_at, user_id, cost, status) VALUES (32, '2025-10-07T22:37:03.916', NULL, 2, 2663.1, 'pending');
INSERT INTO orders (id, created_at, removed_at, user_id, cost, status) VALUES (33, '2025-10-07T22:37:04.265', NULL, 2, 2663.1, 'pending');
INSERT INTO orders (id, created_at, removed_at, user_id, cost, status) VALUES (34, '2025-10-07T22:37:04.297', NULL, 2, 2663.1, 'pending');
INSERT INTO orders (id, created_at, removed_at, user_id, cost, status) VALUES (35, '2025-10-07T22:37:04.652', NULL, 2, 2663.1, 'pending');
INSERT INTO orders (id, created_at, removed_at, user_id, cost, status) VALUES (36, '2025-10-07T22:37:04.682', NULL, 2, 2663.1, 'pending');
INSERT INTO orders (id, created_at, removed_at, user_id, cost, status) VALUES (37, '2025-10-07T22:37:05.055', NULL, 2, 2663.1, 'pending');
INSERT INTO orders (id, created_at, removed_at, user_id, cost, status) VALUES (38, '2025-10-07T22:37:05.092', NULL, 2, 2663.1, 'pending');
INSERT INTO orders (id, created_at, removed_at, user_id, cost, status) VALUES (39, '2025-10-07T22:37:05.188', NULL, 2, 2663.1, 'pending');
INSERT INTO orders (id, created_at, removed_at, user_id, cost, status) VALUES (40, '2025-10-07T22:37:05.605', NULL, 2, 2663.1, 'pending');
INSERT INTO orders (id, created_at, removed_at, user_id, cost, status) VALUES (41, '2025-10-07T22:37:05.649', NULL, 2, 2663.1, 'pending');
INSERT INTO orders (id, created_at, removed_at, user_id, cost, status) VALUES (42, '2025-10-07T22:37:05.732', NULL, 2, 2663.1, 'pending');
INSERT INTO orders (id, created_at, removed_at, user_id, cost, status) VALUES (43, '2025-10-07T22:37:06.129', NULL, 2, 2663.1, 'pending');
INSERT INTO orders (id, created_at, removed_at, user_id, cost, status) VALUES (44, '2025-10-07T22:37:06.222', NULL, 2, 2663.1, 'pending');
INSERT INTO orders (id, created_at, removed_at, user_id, cost, status) VALUES (45, '2025-10-07T22:37:06.253', NULL, 2, 2663.1, 'pending');
INSERT INTO orders (id, created_at, removed_at, user_id, cost, status) VALUES (46, '2025-10-07T22:37:06.699', NULL, 2, 2663.1, 'pending');
INSERT INTO orders (id, created_at, removed_at, user_id, cost, status) VALUES (47, '2025-10-07T22:37:06.825', NULL, 2, 2663.1, 'pending');
INSERT INTO orders (id, created_at, removed_at, user_id, cost, status) VALUES (48, '2025-10-07T22:37:06.857', NULL, 2, 2663.1, 'pending');
INSERT INTO orders (id, created_at, removed_at, user_id, cost, status) VALUES (49, '2025-10-07T22:37:07.287', NULL, 2, 2663.1, 'pending');
INSERT INTO orders (id, created_at, removed_at, user_id, cost, status) VALUES (50, '2025-10-07T22:37:07.398', NULL, 2, 2663.1, 'pending');
INSERT INTO orders (id, created_at, removed_at, user_id, cost, status) VALUES (51, '2025-10-07T22:37:07.445', NULL, 2, 2663.1, 'pending');
INSERT INTO orders (id, created_at, removed_at, user_id, cost, status) VALUES (52, '2025-10-07T22:37:07.525', NULL, 2, 2663.1, 'pending');
INSERT INTO orders (id, created_at, removed_at, user_id, cost, status) VALUES (53, '2025-10-07T22:37:08.068', NULL, 2, 2663.1, 'pending');
INSERT INTO orders (id, created_at, removed_at, user_id, cost, status) VALUES (54, '2025-10-07T22:37:08.130', NULL, 2, 2663.1, 'pending');
INSERT INTO orders (id, created_at, removed_at, user_id, cost, status) VALUES (55, '2025-10-07T22:37:08.162', NULL, 2, 2663.1, 'pending');
INSERT INTO orders (id, created_at, removed_at, user_id, cost, status) VALUES (56, '2025-10-07T22:37:08.209', NULL, 2, 2663.1, 'pending');
INSERT INTO orders (id, created_at, removed_at, user_id, cost, status) VALUES (57, '2025-10-07T22:37:08.814', NULL, 2, 2663.1, 'pending');
INSERT INTO orders (id, created_at, removed_at, user_id, cost, status) VALUES (58, '2025-10-07T22:37:08.845', NULL, 2, 2663.1, 'pending');
INSERT INTO orders (id, created_at, removed_at, user_id, cost, status) VALUES (59, '2025-10-07T22:37:08.900', NULL, 2, 2663.1, 'pending');
INSERT INTO orders (id, created_at, removed_at, user_id, cost, status) VALUES (60, '2025-10-07T22:37:08.941', NULL, 2, 2663.1, 'pending');
INSERT INTO orders (id, created_at, removed_at, user_id, cost, status) VALUES (61, '2025-10-07T22:37:09.688', NULL, 2, 2663.1, 'pending');
INSERT INTO orders (id, created_at, removed_at, user_id, cost, status) VALUES (62, '2025-10-07T22:37:09.769', NULL, 2, 2663.1, 'pending');
INSERT INTO orders (id, created_at, removed_at, user_id, cost, status) VALUES (63, '2025-10-07T22:37:09.813', NULL, 2, 2663.1, 'pending');
INSERT INTO orders (id, created_at, removed_at, user_id, cost, status) VALUES (64, '2025-10-07T22:37:09.851', NULL, 2, 2663.1, 'pending');
INSERT INTO orders (id, created_at, removed_at, user_id, cost, status) VALUES (65, '2025-10-07T22:37:09.882', NULL, 2, 2663.1, 'pending');
INSERT INTO orders (id, created_at, removed_at, user_id, cost, status) VALUES (66, '2025-10-07T22:37:10.552', NULL, 2, 2663.1, 'pending');
INSERT INTO orders (id, created_at, removed_at, user_id, cost, status) VALUES (67, '2025-10-07T22:37:10.590', NULL, 2, 2663.1, 'pending');
INSERT INTO orders (id, created_at, removed_at, user_id, cost, status) VALUES (68, '2025-10-07T22:37:10.625', NULL, 2, 2663.1, 'pending');
INSERT INTO orders (id, created_at, removed_at, user_id, cost, status) VALUES (69, '2025-10-07T22:37:10.776', NULL, 2, 2663.1, 'pending');
INSERT INTO orders (id, created_at, removed_at, user_id, cost, status) VALUES (70, '2025-10-07T22:37:10.849', NULL, 2, 2663.1, 'pending');
INSERT INTO orders (id, created_at, removed_at, user_id, cost, status) VALUES (71, '2025-10-07T22:37:11.493', NULL, 2, 2663.1, 'pending');
INSERT INTO orders (id, created_at, removed_at, user_id, cost, status) VALUES (72, '2025-10-07T22:37:11.545', NULL, 2, 2663.1, 'pending');
INSERT INTO orders (id, created_at, removed_at, user_id, cost, status) VALUES (73, '2025-10-07T22:37:11.561', NULL, 2, 2663.1, 'pending');
INSERT INTO orders (id, created_at, removed_at, user_id, cost, status) VALUES (74, '2025-10-07T22:37:11.675', NULL, 2, 2663.1, 'pending');
INSERT INTO orders (id, created_at, removed_at, user_id, cost, status) VALUES (75, '2025-10-07T22:37:11.740', NULL, 2, 2663.1, 'pending');
INSERT INTO orders (id, created_at, removed_at, user_id, cost, status) VALUES (76, '2025-10-07T22:37:11.837', NULL, 2, 2663.1, 'pending');
INSERT INTO orders (id, created_at, removed_at, user_id, cost, status) VALUES (77, '2025-10-07T22:37:12.442', NULL, 2, 2663.1, 'pending');
INSERT INTO orders (id, created_at, removed_at, user_id, cost, status) VALUES (78, '2025-10-07T22:37:12.484', NULL, 2, 2663.1, 'pending');
INSERT INTO orders (id, created_at, removed_at, user_id, cost, status) VALUES (79, '2025-10-08T00:19:20.700', NULL, 2, 502662.6, 'pending');
INSERT INTO orders (id, created_at, removed_at, user_id, cost, status) VALUES (80, '2025-10-08T02:31:31.002', NULL, 2, 1, 'pending');
INSERT INTO orders (id, created_at, removed_at, user_id, cost, status) VALUES (81, '2025-10-08T11:45:25.397', NULL, 2, 270, 'pending');
INSERT INTO orders (id, created_at, removed_at, user_id, cost, status) VALUES (82, '2025-10-08T11:45:26.957', NULL, 2, 270, 'pending');
INSERT INTO orders (id, created_at, removed_at, user_id, cost, status) VALUES (83, '2025-10-08T11:45:27.597', NULL, 2, 270, 'pending');
INSERT INTO orders (id, created_at, removed_at, user_id, cost, status) VALUES (84, '2025-10-08T11:45:27.955', NULL, 2, 270, 'pending');
INSERT INTO orders (id, created_at, removed_at, user_id, cost, status) VALUES (85, '2025-10-08T11:45:28.183', NULL, 2, 270, 'pending');
INSERT INTO orders (id, created_at, removed_at, user_id, cost, status) VALUES (86, '2025-10-08T11:45:28.476', NULL, 2, 270, 'pending');
INSERT INTO orders (id, created_at, removed_at, user_id, cost, status) VALUES (87, '2025-10-08T11:45:28.671', NULL, 2, 270, 'pending');
INSERT INTO orders (id, created_at, removed_at, user_id, cost, status) VALUES (88, '2025-10-08T11:45:28.999', NULL, 2, 270, 'pending');
INSERT INTO orders (id, created_at, removed_at, user_id, cost, status) VALUES (89, '2025-10-08T11:45:29.331', NULL, 2, 270, 'pending');
INSERT INTO orders (id, created_at, removed_at, user_id, cost, status) VALUES (90, '2025-10-08T11:45:29.440', NULL, 2, 270, 'pending');
INSERT INTO orders (id, created_at, removed_at, user_id, cost, status) VALUES (91, '2025-10-08T11:45:29.827', NULL, 2, 270, 'pending');
INSERT INTO orders (id, created_at, removed_at, user_id, cost, status) VALUES (92, '2025-10-08T11:45:29.880', NULL, 2, 270, 'pending');
INSERT INTO orders (id, created_at, removed_at, user_id, cost, status) VALUES (93, '2025-10-08T11:45:30.144', NULL, 2, 270, 'pending');
INSERT INTO orders (id, created_at, removed_at, user_id, cost, status) VALUES (94, '2025-10-08T11:45:30.325', NULL, 2, 270, 'pending');
INSERT INTO orders (id, created_at, removed_at, user_id, cost, status) VALUES (95, '2025-10-08T13:36:33.709', NULL, 1, 999999, 'pending');
INSERT INTO orders (id, created_at, removed_at, user_id, cost, status) VALUES (96, '2025-10-08T13:36:33.898', NULL, 1, 999999, 'pending');
INSERT INTO orders (id, created_at, removed_at, user_id, cost, status) VALUES (97, '2025-10-08T13:37:14.354', NULL, 1, 499999.5, 'pending');
INSERT INTO orders (id, created_at, removed_at, user_id, cost, status) VALUES (98, '2025-10-09T13:58:15.026', NULL, 4, 2499997.5, 'pending');
INSERT INTO orders (id, created_at, removed_at, user_id, cost, status) VALUES (99, '2025-10-09T14:01:05.211', NULL, 4, 499999.5, 'pending');
INSERT INTO orders (id, created_at, removed_at, user_id, cost, status) VALUES (100, '2025-10-09T14:39:20.719', NULL, 4, 99999.90000000001, 'pending');
INSERT INTO orders (id, created_at, removed_at, user_id, cost, status) VALUES (101, '2025-10-09T14:39:24.887', NULL, 4, 99999.90000000001, 'pending');
INSERT INTO orders (id, created_at, removed_at, user_id, cost, status) VALUES (102, '2025-10-09T14:39:38.936', NULL, 4, 9899990.1, 'pending');
INSERT INTO orders (id, created_at, removed_at, user_id, cost, status) VALUES (103, '2025-10-09T14:39:40.989', NULL, 4, 9899990.1, 'pending');
INSERT INTO orders (id, created_at, removed_at, user_id, cost, status) VALUES (104, '2025-10-09T14:39:43.071', NULL, 4, 5299994.7, 'pending');
INSERT INTO orders (id, created_at, removed_at, user_id, cost, status) VALUES (105, '2025-10-09T14:42:20.255', NULL, 4, 9909.9, 'pending');
INSERT INTO orders (id, created_at, removed_at, user_id, cost, status) VALUES (106, '2025-10-09T14:42:21.838', NULL, 4, 9909.9, 'pending');
INSERT INTO orders (id, created_at, removed_at, user_id, cost, status) VALUES (107, '2025-10-09T14:42:23.360', NULL, 4, 9909.9, 'pending');
INSERT INTO orders (id, created_at, removed_at, user_id, cost, status) VALUES (108, '2025-10-09T14:42:24.896', NULL, 4, 300.29999999999995, 'pending');

-- 表：product_promotion_relations
CREATE TABLE IF NOT EXISTS product_promotion_relations (id INTEGER PRIMARY KEY, created_at DATETIME NOT NULL, removed_at DATETIME, product_id INTEGER NOT NULL, promotion_id INTEGER NOT NULL);
INSERT INTO product_promotion_relations (id, created_at, removed_at, product_id, promotion_id) VALUES (1, '2025-10-07 00:00:00', NULL, 23, 1);
INSERT INTO product_promotion_relations (id, created_at, removed_at, product_id, promotion_id) VALUES (2, '2025-10-06 00:00:00', NULL, 23, 2);
INSERT INTO product_promotion_relations (id, created_at, removed_at, product_id, promotion_id) VALUES (3, '2025-10-06 00:00:00', NULL, 22, 2);

-- 表：products
CREATE TABLE IF NOT EXISTS products (id INTEGER, created_at DATETIME NOT NULL DEFAULT CURRENT_TIMESTAMP, removed_at DATETIME, name TEXT NOT NULL, description TEXT, price DECIMAL (10, 2) NOT NULL, stock INTEGER NOT NULL, category TEXT, image_url TEXT, PRIMARY KEY (id));
INSERT INTO products (id, created_at, removed_at, name, description, price, stock, category, image_url) VALUES (1, '2025-10-02 14:33:56', NULL, 'laptop', 'example', 100.1, 0, NULL, 'qrc:///resrc/laptop.png');
INSERT INTO products (id, created_at, removed_at, name, description, price, stock, category, image_url) VALUES (2, '2025-10-02 14:33:56', NULL, 'laptop', 'example', 100.1, 0, NULL, 'qrc:///resrc/laptop.png');
INSERT INTO products (id, created_at, removed_at, name, description, price, stock, category, image_url) VALUES (3, '2025-10-02 14:33:56', NULL, 'laptop', 'example', 100.1, 0, NULL, 'qrc:///resrc/laptop.png');
INSERT INTO products (id, created_at, removed_at, name, description, price, stock, category, image_url) VALUES (4, '2025-10-02 14:33:56', NULL, 'laptop', 'example', 100.1, 0, NULL, 'qrc:///resrc/laptop.png');
INSERT INTO products (id, created_at, removed_at, name, description, price, stock, category, image_url) VALUES (5, '2025-10-02 14:33:56', NULL, 'apple', 'nice', 100.1, 0, NULL, 'qrc:///resrc/apple2.png');
INSERT INTO products (id, created_at, removed_at, name, description, price, stock, category, image_url) VALUES (6, '2025-10-02 14:33:56', NULL, 'apple', 'nice', 100.1, 0, NULL, 'qrc:///resrc/apple.png');
INSERT INTO products (id, created_at, removed_at, name, description, price, stock, category, image_url) VALUES (7, '2025-10-02 14:33:56', NULL, 'apple', 'nice', 100.1, 0, NULL, 'qrc:///resrc/apple.png');
INSERT INTO products (id, created_at, removed_at, name, description, price, stock, category, image_url) VALUES (9, '2025-10-02 14:33:56', NULL, 'TONYKRZ慵懒风小众设计感半高领卫衣女冬季时尚洋气加绒加厚上', 'TONYKRZ慵懒风小众设计感半高领卫衣女冬季时尚洋气加绒加厚上TONYKRZ慵懒风小众设计感半高领卫衣女冬季时尚洋气加绒加厚上跟好', 26.9, 4216, NULL, 'qrc:///resrc/1dd2225f0038a615e08f5f3447ce2d3e.jpeg');
INSERT INTO products (id, created_at, removed_at, name, description, price, stock, category, image_url) VALUES (10, '2025-10-02 14:33:56', NULL, 'apple', 'nice', 100.1, 103, NULL, 'qrc:///resrc/apple2.png');
INSERT INTO products (id, created_at, removed_at, name, description, price, stock, category, image_url) VALUES (11, '2025-10-02 14:33:56', NULL, 'apple', 'nice', 100.1, 177, NULL, 'qrc:///resrc/apple.png');
INSERT INTO products (id, created_at, removed_at, name, description, price, stock, category, image_url) VALUES (12, '2025-10-02 14:33:56', NULL, 'apple', 'nice', 100.1, 621, NULL, 'qrc:///resrc/apple2.png');
INSERT INTO products (id, created_at, removed_at, name, description, price, stock, category, image_url) VALUES (13, '2025-10-02 14:33:56', NULL, 'apple', 'nice', 100.1, 834, NULL, 'qrc:///resrc/apple.png');
INSERT INTO products (id, created_at, removed_at, name, description, price, stock, category, image_url) VALUES (14, '2025-10-02 14:33:56', NULL, 'apple', 'nice', 100.1, 840, NULL, 'qrc:///resrc/apple.png');
INSERT INTO products (id, created_at, removed_at, name, description, price, stock, category, image_url) VALUES (15, '2025-10-02 14:33:56', NULL, 'apple', 'nice', 100.1, 838, NULL, 'qrc:///resrc/apple2.png');
INSERT INTO products (id, created_at, removed_at, name, description, price, stock, category, image_url) VALUES (16, '2025-10-02 14:33:56', NULL, 'apple', 'nice', 100.1, 454, NULL, 'qrc:///resrc/apple.png');
INSERT INTO products (id, created_at, removed_at, name, description, price, stock, category, image_url) VALUES (17, '2025-10-02 14:33:56', NULL, 'apple', 'nice', 100.1, 532, NULL, 'qrc:///resrc/apple.png');
INSERT INTO products (id, created_at, removed_at, name, description, price, stock, category, image_url) VALUES (18, '2025-10-02 14:33:56', NULL, 'apple', 'nice', 100.1, 766, NULL, 'qrc:///resrc/apple2.png');
INSERT INTO products (id, created_at, removed_at, name, description, price, stock, category, image_url) VALUES (19, '2025-10-02 14:33:56', NULL, 'apple', 'nice', 100.1, 672, NULL, 'qrc:///resrc/apple2.png');
INSERT INTO products (id, created_at, removed_at, name, description, price, stock, category, image_url) VALUES (20, '2025-10-02 14:33:56', NULL, 'apple', 'nice', 100.1, 796, NULL, 'qrc:///resrc/apple2.png');
INSERT INTO products (id, created_at, removed_at, name, description, price, stock, category, image_url) VALUES (21, '2025-10-02 14:33:56', NULL, 'apple', 'nice', 100.1, 599, NULL, 'qrc:///resrc/apple.png');
INSERT INTO products (id, created_at, removed_at, name, description, price, stock, category, image_url) VALUES (22, '2025-10-02 14:33:56', NULL, 'apple', 'nice', 100.1, 0, NULL, 'qrc:///resrc/apple.png');
INSERT INTO products (id, created_at, removed_at, name, description, price, stock, category, image_url) VALUES (23, '2025-10-02 14:33:56', NULL, 'apple', 'nice', 999999, 0, NULL, 'qrc:///resrc/apple.png');

-- 表：promotions
CREATE TABLE IF NOT EXISTS promotions (id INTEGER PRIMARY KEY, created_at DATETIME NOT NULL, removed_at DATETIME, description TEXT, start_at DATETIME NOT NULL, end_at DATETIME NOT NULL, strategy TEXT NOT NULL, threshold REAL NOT NULL, value REAL NOT NULL);
INSERT INTO promotions (id, created_at, removed_at, description, start_at, end_at, strategy, threshold, value) VALUES (1, '2025-10-07 00:00:00', NULL, '国庆半价，赔钱只为节日快乐', '2025-10-07 14:00:00', '2025-10-24 00:00:00', 'percentage_discount', 0.0, 0.1);
INSERT INTO promotions (id, created_at, removed_at, description, start_at, end_at, strategy, threshold, value) VALUES (2, '2025-10-06 00:00:00', NULL, '中秋超特惠，满千送“钱”！', '2025-10-06 03:00:00', '2025-10-07 00:00:00', 'fixed_amount_discount', 1000.0, 1000.0);

-- 表：users
CREATE TABLE IF NOT EXISTS users (id INTEGER, created_at DATETIME NOT NULL DEFAULT CURRENT_TIMESTAMP, removed_at DATETIME, username TEXT NOT NULL UNIQUE, password_hash TEXT NOT NULL, avatar_url TEXT, PRIMARY KEY (id));
INSERT INTO users (id, created_at, removed_at, username, password_hash, avatar_url) VALUES (1, '2025-10-06T22:50:35.196', NULL, '3', '6b86b273ff34fce19d6b804eff5a3f5747ada4eaa22f1d49c01e52ddb7875b4b', NULL);
INSERT INTO users (id, created_at, removed_at, username, password_hash, avatar_url) VALUES (2, '2025-10-07T22:26:48.934', NULL, '10', '6b86b273ff34fce19d6b804eff5a3f5747ada4eaa22f1d49c01e52ddb7875b4b', NULL);
INSERT INTO users (id, created_at, removed_at, username, password_hash, avatar_url) VALUES (3, '2025-10-09T13:08:45.491', NULL, '111', '8d969eef6ecad3c29a3a629280e686cf0c3f5d5a86aff3ca12020c923adc6c92', NULL);
INSERT INTO users (id, created_at, removed_at, username, password_hash, avatar_url) VALUES (4, '2025-10-09T13:16:36.866', NULL, '阿拉', 'd4735e3a265e16eee03f59718b9b5d03019c07d8b6c51f90da3a666eec13ab35', NULL);
INSERT INTO users (id, created_at, removed_at, username, password_hash, avatar_url) VALUES (5, '2025-10-09T14:04:13.354', NULL, '444444', '6b86b273ff34fce19d6b804eff5a3f5747ada4eaa22f1d49c01e52ddb7875b4b', NULL);

-- 索引：idx_cart_items_unique_active
CREATE UNIQUE INDEX IF NOT EXISTS idx_cart_items_unique_active 
ON cart_items(cart_id, product_id) 
WHERE removed_at IS NULL;

COMMIT TRANSACTION;
PRAGMA foreign_keys = on;
